filename,media_type,functional_area,intended_inspiration,quality_score,rationale
04_Pro_4decks.jpg,screenshot,deck,layout,5,"Clear four-deck arrangement and channel hierarchy for scalable deck zoning."
05_Performance.jpg,screenshot,deck,density,4,"Good control density reference for transport-first interaction surfaces."
06_PerformanceFX (1).jpg,screenshot,fx,interaction,4,"Useful for compact FX slot interactions and quick parameter access."
06_PerformanceFX.jpg,screenshot,fx,layout,4,"Shows practical FX section grouping relative to deck controls."
07_Vertical_waveforms.jpg,screenshot,waveform,layout,5,"Strong waveform lane structure and deck separation at a glance."
08_video_mix.jpg,screenshot,broadcast,layout,3,"Helpful for video broadcast module placement but less radio-specific."
08_video_mix_rack.jpg,screenshot,broadcast,interaction,3,"Good reference for rack-style controls and active state visibility."
EssentialsMarked.png,screenshot,deck,layout,4,"Useful for reduced-complexity operator layout mode mapping."
MixerMain.png,screenshot,mixer,layout,5,"High-value mixer strip grouping and crossfader positioning reference."
ProMarked.png,screenshot,deck,density,5,"Captures high-density pro operator surface organization."
StarterMarked.png,screenshot,deck,interaction,4,"Useful baseline for simplified starter interactions and progressive disclosure."
Using AUTOMIX to Auto TRANSITION - virtual DJ 2023 tutorials.mp4,video,broadcast,interaction,4,"Demonstrates automation transitions and status handoff behavior."
Virtual DJ 2025 is Here_ Master the New StemSwap Sampler Feature! (Virtual DJ tutorials).mp4,video,sampler,interaction,4,"Shows sampler workflow cadence and trigger/feedback expectations."
Virtual DJ 2026 is Finally HERE! + Download Links.mp4,video,browser,interaction,3,"Useful for observing browsing and feature discovery flow in motion."
Virtual DJ 2026 â€“ INSANE New Features You Must Try!.mp4,video,fx,interaction,3,"Highlights rapid feature interaction patterns and control discoverability."
askthedj.png,screenshot,broadcast,status signaling,2,"Low-priority inspiration for assistant/status placement conventions."
automix.png,screenshot,broadcast,interaction,5,"High relevance for automated transition state signaling and controls."
broadcast.png,screenshot,broadcast,status signaling,5,"Strong on-air/broadcast state signaling and critical alert emphasis."
clouddrive.png,screenshot,browser,layout,3,"Helpful for remote source placement in browser navigation zones."
cloudlists.png,screenshot,browser,interaction,3,"Useful for cloud list interactions and source hierarchy patterns."
editors.png,screenshot,browser,layout,2,"Minor relevance for tool panel grouping inside browser contexts."
effects.png,screenshot,fx,density,4,"Good density benchmark for multi-control FX banks."
geniousdj.png,screenshot,broadcast,interaction,2,"Limited radio fit; only light inspiration for assistant panel affordances."
keyfeatures2.png,screenshot,broadcast,layout,2,"Overview-level reference with limited component-level fidelity."
library.png,screenshot,browser,layout,5,"Primary reference for split tree/table media browser composition."
link.png,screenshot,broadcast,status signaling,2,"Minimal inspiration value; only basic linked-state indicator ideas."
pads.png,screenshot,sampler,interaction,5,"Strong pad grid interaction model with clear trigger state differentiation."
playlists (1).png,screenshot,browser,density,4,"Useful playlist density and row-level scanability pattern."
playlists.png,screenshot,browser,layout,4,"Solid playlist panel composition and row hierarchy reference."
record.png,screenshot,broadcast,status signaling,4,"Clear recording-state affordance and transport-adjacent alerting."
remote.png,screenshot,broadcast,interaction,3,"Moderate value for remote control entry points and quick actions."
sampler.png,screenshot,sampler,layout,5,"Primary sampler bank layout and grouping reference."
sandbox.png,screenshot,deck,status signaling,3,"Useful for safe-preview mode signaling without affecting live output."
scratchdna.png,screenshot,deck,interaction,2,"Low relevance to radio workflows; limited cue/gesture inspiration only."
skins.png,screenshot,mixer,color,2,"Use only for broad color contrast ideas, never for exact theming."
soundengine.png,screenshot,broadcast,status signaling,4,"Good status and system health communication pattern reference."
tracklists.png,screenshot,browser,density,5,"Primary high-density table model for operator browsing efficiency."
videobroadcast.png,screenshot,broadcast,layout,3,"Useful for broadcast module grouping and emphasis hierarchy."
